Date,Open,High,Low,Close,Volume,Adj,Close
2016-04-26,105.589996,105.599998,105.370003,105.449997,154700,105.449997
2016-04-25,105.540001,105.690002,105.50,105.550003,132300,105.550003
2016-04-22,105.610001,105.75,105.559998,105.690002,92500,105.690002
2016-04-21,105.709999,105.760002,105.610001,105.699997,94300,105.699997
2016-04-20,106.00,106.099998,105.839996,105.839996,126300,105.839996
2016-04-19,105.989998,106.040001,105.82,105.910004,137700,105.910004
2016-04-18,105.800003,106.00,105.690002,105.989998,133000,105.989998
2016-04-15,105.620003,105.800003,105.559998,105.650002,1291700,105.650002
2016-04-14,105.900002,105.900002,105.57,105.610001,224500,105.610001
2016-04-13,105.510002,105.879997,105.50,105.830002,232500,105.830002
2016-04-12,105.599998,105.809998,105.550003,105.620003,104000,105.620003
2016-04-11,105.550003,105.730003,105.43,105.57,150700,105.57
2016-04-08,105.779999,105.849998,105.639999,105.760002,212900,105.760002
2016-04-07,105.57,105.849998,105.449997,105.629997,96300,105.629997
2016-04-06,105.68,105.690002,105.269997,105.57,67600,105.57
2016-04-05,105.639999,105.839996,105.540001,105.610001,98200,105.610001
2016-04-04,105.43,105.760002,105.43,105.529999,175900,105.529999
2016-04-01,105.510002,105.580002,105.199997,105.260002,102500,105.260002
2016-03-31,105.389999,105.559998,105.220001,105.470001,122300,105.310003
2016-03-30,105.199997,105.50,105.190002,105.440002,258500,105.28005
2016-03-29,104.970001,105.360001,104.93,105.199997,275000,105.040409
2016-03-28,104.860001,105.099998,104.860001,104.870003,143100,104.710915
2016-03-24,104.879997,105.07,104.629997,104.870003,147000,104.710915
2016-03-23,104.50,104.860001,104.50,104.720001,219200,104.561141
2016-03-22,104.989998,105.089996,104.620003,104.620003,123300,104.461294
2016-03-21,104.900002,104.910004,104.599998,104.809998,267000,104.651001
2016-03-18,104.75,105.00,104.610001,104.93,239700,104.770822
2016-03-17,104.629997,104.760002,104.360001,104.639999,132700,104.481261
2016-03-16,104.019997,104.650002,104.010002,104.650002,208700,104.491248
2016-03-15,104.290001,104.300003,104.07,104.110001,193500,103.952066
2016-03-14,104.150002,104.25,104.07,104.169998,54800,104.011973
2016-03-11,104.040001,104.199997,103.900002,104.050003,360700,103.892159
2016-03-10,104.120003,104.230003,103.910004,104.029999,147200,103.872185
2016-03-09,103.910004,104.099998,103.870003,104.089996,147700,103.932092
2016-03-08,104.089996,104.279999,103.989998,104.230003,135800,104.071887
2016-03-07,104.00,104.120003,103.910004,104.029999,131500,103.872185
2016-03-04,103.989998,104.07,103.790001,104.029999,107600,103.872185
2016-03-03,103.779999,104.139999,103.739998,104.07,79900,103.912126
2016-03-02,103.550003,103.75,103.550003,103.720001,84100,103.562658
2016-03-01,104.169998,104.190002,103.650002,103.760002,108600,103.602598
2016-02-29,104.050003,104.410004,104.029999,104.190002,291500,103.872189
2016-02-26,104.150002,104.349998,104.139999,104.25,69300,103.932003
2016-02-25,104.419998,104.650002,104.32,104.610001,80900,104.290906
2016-02-24,104.370003,104.709999,104.269997,104.360001,73700,104.041668
2016-02-23,103.879997,104.349998,103.830002,104.290001,100500,103.971882
2016-02-22,103.809998,104.110001,103.809998,104.019997,75000,103.702702
2016-02-19,104.019997,104.199997,104.00,104.07,80300,103.752552
2016-02-18,103.760002,104.169998,103.760002,104.150002,169300,103.83231
2016-02-17,103.419998,103.82,103.419998,103.669998,317400,103.353771
2016-02-16,103.620003,104.00,103.620003,103.709999,147600,103.39365
2016-02-12,104.099998,104.379997,103.910004,103.910004,144400,103.593044
2016-02-11,104.660004,104.889999,104.50,104.559998,174500,104.241055
2016-02-10,104.260002,104.639999,104.230003,104.389999,130000,104.071576
2016-02-09,104.43,104.779999,104.339996,104.489998,164100,104.171269
2016-02-08,104.699997,104.910004,104.440002,104.730003,106400,104.410543
2016-02-05,104.360001,104.699997,104.300003,104.339996,95100,104.021725
2016-02-04,104.540001,104.589996,104.349998,104.519997,87700,104.201176
2016-02-03,104.370003,104.919998,104.279999,104.449997,148100,104.13139
2016-02-02,104.610001,104.949997,104.610001,104.809998,187800,104.490293
2016-02-01,104.910004,104.919998,104.349998,104.610001,307300,104.290906
2016-01-29,104.559998,105.00,104.50,104.989998,1598300,104.470355
2016-01-28,104.139999,104.410004,104.139999,104.339996,118700,103.823571
2016-01-27,104.040001,104.169998,103.940002,104.139999,143800,103.624564
2016-01-26,103.940002,104.260002,103.809998,104.190002,278800,103.674319
2016-01-25,103.919998,104.059998,103.82,104.040001,97700,103.52506
2016-01-22,103.379997,103.82,103.379997,103.82,101100,103.306148
2016-01-21,104.25,104.25,103.410004,103.470001,373300,102.957882
2016-01-20,104.050003,104.139999,103.610001,103.620003,398100,103.107141
2016-01-19,104.449997,104.449997,103.779999,103.879997,397300,103.365848
2016-01-15,104.660004,104.660004,104.389999,104.529999,514500,104.012633
2016-01-14,104.32,104.489998,104.18,104.309998,1606900,103.79372
2016-01-13,103.959999,104.480003,103.959999,104.239998,125700,103.724067
2016-01-12,103.860001,104.400002,103.779999,104.220001,233400,103.704169
2016-01-11,104.150002,104.389999,104.050003,104.260002,284400,103.743972
2016-01-08,104.209999,104.629997,104.199997,104.43,98700,103.913129
2016-01-07,104.32,104.57,104.25,104.309998,105600,103.79372
2016-01-06,104.269997,104.559998,104.230003,104.540001,152200,104.022585
2016-01-05,104.050003,104.309998,103.919998,104.25,107100,103.73402
2016-01-04,104.150002,104.330002,103.93,104.059998,171600,103.544958
2015-12-31,103.870003,104.230003,103.830002,104.220001,204000,103.704169
2015-12-30,104.059998,104.160004,103.949997,104.040001,279800,103.52506
2015-12-29,104.330002,104.449997,103.879997,103.879997,326300,103.365848
2015-12-28,105.129997,105.489998,105.129997,105.43,194400,103.773821
2015-12-24,105.309998,105.589996,105.260002,105.580002,71900,103.921466
2015-12-23,105.080002,105.419998,104.949997,105.410004,213500,103.754139
2015-12-22,105.25,105.489998,105.129997,105.349998,393900,103.695076
2015-12-21,105.400002,105.489998,105.300003,105.43,143400,103.773821
2015-12-18,105.199997,105.459999,105.160004,105.400002,127600,103.744294
2015-12-17,104.730003,105.260002,104.730003,105.160004,111000,103.508066
2015-12-16,104.989998,105.00,104.620003,104.790001,234800,103.143875
2015-12-15,105.080002,105.300003,104.879997,104.910004,228800,103.261993
2015-12-14,105.690002,105.839996,105.300003,105.32,343100,103.665548
2015-12-11,105.800003,106.18,105.610001,106.040001,251800,104.374239
2015-12-10,105.580002,105.739998,105.330002,105.68,308300,104.019894
2015-12-09,105.339996,105.620003,105.300003,105.550003,150800,103.891939
2015-12-08,105.75,105.800003,105.510002,105.599998,69700,103.941149
2015-12-07,105.480003,105.790001,105.339996,105.470001,263800,103.813194
2015-12-04,105.150002,105.449997,105.150002,105.440002,206100,103.783666
2015-12-03,105.120003,105.410004,105.00,105.050003,273300,103.399793
2015-12-02,105.529999,105.830002,105.489998,105.660004,183100,104.000211
2015-12-01,105.339996,105.650002,105.339996,105.650002,185200,103.990366
2015-11-30,105.889999,105.989998,105.470001,105.75,83200,103.704917
2015-11-27,105.68,105.889999,105.50,105.559998,70700,103.518589
2015-11-25,105.68,105.879997,105.449997,105.489998,63000,103.449943
2015-11-24,105.50,105.650002,105.379997,105.50,53800,103.459752
2015-11-23,105.529999,105.690002,105.379997,105.589996,217100,103.548008
2015-11-20,105.57,105.589996,105.379997,105.480003,84000,103.440142
2015-11-19,105.550003,105.580002,105.309998,105.440002,51700,103.400914
2015-11-18,105.370003,105.559998,105.300003,105.410004,125300,103.371496
2015-11-17,105.239998,105.519997,105.099998,105.489998,64100,103.449943
2015-11-16,105.400002,105.50,105.139999,105.349998,259900,103.312651
2015-11-13,105.279999,105.43,104.949997,105.419998,213200,103.381297
2015-11-12,105.059998,105.279999,104.910004,104.970001,115600,102.940003
2015-11-11,105.300003,105.32,104.919998,104.919998,128600,102.890966
2015-11-10,105.07,105.300003,105.07,105.239998,154900,103.204778
2015-11-09,105.190002,105.400002,105.150002,105.32,302700,103.283232
2015-11-06,105.50,105.519997,105.120003,105.139999,219000,103.106713
2015-11-05,105.809998,105.900002,105.610001,105.620003,87800,103.577434
2015-11-04,106.00,106.029999,105.699997,105.870003,131100,103.822599
2015-11-03,105.870003,105.980003,105.660004,105.699997,209000,103.655881
2015-11-02,105.959999,106.029999,105.739998,105.830002,217200,103.783372
2015-10-30,106.589996,106.940002,106.220001,106.260002,456000,103.822602
2015-10-29,106.760002,106.760002,106.290001,106.290001,214800,103.851913
2015-10-28,107.199997,107.199997,106.639999,106.839996,272500,104.389293
2015-10-27,107.230003,107.230003,106.980003,107.190002,176000,104.73127
2015-10-26,107.050003,107.139999,106.949997,107.089996,115500,104.633558
2015-10-23,106.790001,107.029999,106.779999,106.93,114300,104.477232
2015-10-22,106.879997,107.120003,106.779999,106.870003,136700,104.418611
2015-10-21,106.93,106.959999,106.730003,106.93,510000,104.477232
2015-10-20,106.650002,106.779999,106.400002,106.639999,97000,104.193883
2015-10-19,106.809998,106.949997,106.610001,106.889999,168300,104.438149
2015-10-16,106.830002,106.849998,106.50,106.760002,177000,104.311133
2015-10-15,106.800003,106.849998,106.400002,106.470001,81600,104.027785
2015-10-14,106.769997,106.940002,106.620003,106.660004,155800,104.213429
2015-10-13,107.18,107.18,106.589996,106.739998,297800,104.291588
2015-10-12,106.610001,106.769997,106.309998,106.730003,261900,104.281823
2015-10-09,106.599998,106.82,106.230003,106.25,146300,103.81283
2015-10-08,106.889999,106.889999,106.139999,106.220001,321800,103.783519
2015-10-07,106.440002,106.709999,106.300003,106.669998,99000,104.223194
2015-10-06,106.57,106.739998,106.230003,106.550003,201800,104.105951
2015-10-05,106.260002,106.370003,106.120003,106.160004,232900,103.724898
2015-10-02,106.389999,106.650002,106.129997,106.290001,327600,103.851913
2015-10-01,105.989998,105.989998,105.650002,105.690002,205200,103.265677
2015-09-30,105.480003,105.620003,105.400002,105.459999,320000,103.04095
2015-09-29,106.379997,106.449997,106.089996,106.089996,145600,103.275438
2015-09-28,106.279999,106.610001,106.190002,106.610001,341400,103.781647
2015-09-25,106.099998,106.349998,105.900002,106.010002,148100,103.197567
2015-09-24,106.75,106.93,106.040001,106.190002,604400,103.372791
2015-09-23,106.489998,106.580002,106.279999,106.449997,117600,103.625888
2015-09-22,106.75,106.75,106.410004,106.519997,191200,103.694031
2015-09-21,106.699997,106.699997,106.129997,106.190002,144500,103.372791
2015-09-18,106.459999,106.830002,106.25,106.809998,321000,103.976338
2015-09-17,105.940002,106.330002,105.629997,106.150002,149800,103.333852
2015-09-16,105.790001,105.93,105.629997,105.68,237000,102.87632
2015-09-15,106.230003,106.370003,105.68,105.75,474500,102.944462
2015-09-14,106.489998,106.489998,106.209999,106.230003,324200,103.411731
2015-09-11,106.220001,106.540001,106.220001,106.370003,403000,103.548016
2015-09-10,106.269997,106.379997,106.190002,106.300003,133600,103.479874
2015-09-09,105.870003,106.57,105.870003,106.519997,1440400,103.694031
2015-09-08,105.900002,106.120003,105.889999,106.040001,186300,103.226769
2015-09-04,106.440002,106.550003,106.330002,106.470001,144000,103.645362
2015-09-03,106.370003,106.449997,106.279999,106.349998,151000,103.528543
2015-09-02,106.209999,106.440002,106.110001,106.190002,111900,103.372791
2015-09-01,106.269997,106.519997,106.260002,106.449997,88500,103.625888
2015-08-31,106.660004,106.809998,106.300003,106.68,371100,103.84979
2015-08-28,107.040001,107.110001,106.739998,106.93,148400,103.732977
2015-08-27,106.519997,106.739998,106.379997,106.580002,175100,103.393442
2015-08-26,106.550003,106.919998,106.459999,106.639999,235400,103.451646
2015-08-25,106.75,107.18,106.550003,106.889999,402700,103.694172
2015-08-24,107.660004,107.669998,106.980003,107.379997,331600,104.169519
2015-08-21,107.360001,107.669998,107.25,107.610001,610500,104.392646
2015-08-20,107.339996,107.480003,107.290001,107.440002,318600,104.227731
2015-08-19,106.889999,107.339996,106.790001,107.339996,136200,104.130714
2015-08-18,106.919998,106.959999,106.769997,106.790001,151100,103.597163
2015-08-17,107.099998,107.199997,106.949997,106.949997,86300,103.752375
2015-08-14,106.769997,107.099998,106.760002,106.940002,93500,103.74268
2015-08-13,107.160004,107.349998,107.019997,107.029999,116200,103.829985
2015-08-12,107.339996,107.599998,107.209999,107.220001,79500,104.014307
2015-08-11,107.370003,107.599998,107.230003,107.57,212500,104.353841
2015-08-10,107.080002,107.309998,107.010002,107.059998,250100,103.859087
2015-08-07,107.099998,107.480003,107.040001,107.379997,342000,104.169519
2015-08-06,106.849998,107.099998,106.779999,106.93,170600,103.732977
2015-08-05,106.889999,106.989998,106.690002,106.760002,264500,103.568061
2015-08-04,107.25,107.459999,106.980003,107.00,223200,103.800883
2015-08-03,107.32,107.779999,107.32,107.68,131200,104.460553
2015-07-31,107.449997,107.720001,107.389999,107.400002,317200,104.188926
2015-07-30,107.559998,107.68,107.50,107.639999,128600,104.130712
2015-07-29,107.449997,107.470001,107.150002,107.360001,105000,103.859842
2015-07-28,107.379997,107.699997,107.379997,107.440002,886900,103.937236
2015-07-27,107.860001,107.860001,107.510002,107.580002,104000,104.072671
2015-07-24,107.739998,107.879997,107.559998,107.760002,81300,104.246803
2015-07-23,107.529999,107.879997,107.379997,107.760002,71800,104.246803
2015-07-22,107.360001,107.68,107.32,107.68,877600,104.169409
2015-07-21,107.269997,107.43,107.190002,107.32,111300,103.821145
2015-07-20,107.290001,107.459999,107.18,107.230003,219400,103.734083
2015-07-17,107.199997,107.50,107.199997,107.480003,108100,103.975933
2015-07-16,106.980003,107.370003,106.849998,107.360001,96500,103.859842
2015-07-15,106.860001,107.230003,106.769997,107.010002,87200,103.521254
2015-07-14,106.790001,106.980003,106.699997,106.93,107500,103.443861
2015-07-13,106.309998,106.879997,106.309998,106.760002,124700,103.279405
2015-07-10,106.50,106.709999,106.279999,106.489998,54100,103.018203
2015-07-09,106.849998,107.080002,106.629997,106.730003,122000,103.250384
2015-07-08,106.980003,107.260002,106.900002,107.239998,80400,103.743752
2015-07-07,107.330002,107.470001,107.00,107.010002,82000,103.521254
2015-07-06,106.949997,107.080002,106.620003,106.870003,147000,103.385819
2015-07-02,106.739998,107.029999,106.419998,106.470001,129100,102.998859
2015-07-01,106.720001,106.809998,106.389999,106.389999,155400,102.921465
2015-06-30,106.800003,107.029999,106.550003,107.00,345600,103.511578
2015-06-29,106.870003,107.489998,106.709999,107.410004,177700,103.618
2015-06-26,106.639999,106.699997,106.50,106.519997,60900,102.759414
2015-06-25,107.029999,107.089996,106.75,106.849998,207100,103.077765
2015-06-24,106.839996,107.089996,106.730003,107.040001,137700,103.26106
2015-06-23,106.660004,106.980003,106.610001,106.610001,186900,102.84624
2015-06-22,106.870003,107.00,106.650002,106.730003,73500,102.962006
2015-06-19,107.120003,107.239998,106.959999,107.220001,72400,103.434705
2015-06-18,106.730003,106.910004,106.589996,106.760002,354600,102.990946
2015-06-17,106.809998,107.099998,106.50,106.980003,297700,103.20318
2015-06-16,106.790001,106.980003,106.690002,106.910004,111900,103.135652
2015-06-15,106.900002,107.050003,106.599998,106.760002,236400,102.990946
2015-06-12,106.690002,106.879997,106.57,106.68,480000,102.913769
2015-06-11,106.389999,106.540001,106.25,106.419998,280900,102.662945
2015-06-10,106.160004,106.360001,106.029999,106.059998,236800,102.315654
2015-06-09,106.800003,106.900002,106.400002,106.419998,325700,102.662945
2015-06-08,106.849998,107.110001,106.839996,106.870003,72800,103.097063
2015-06-05,106.870003,107.040001,106.57,106.68,62800,102.913769
2015-06-04,107.040001,107.190002,106.800003,107.089996,223500,103.30929
2015-06-03,107.339996,107.339996,106.800003,106.82,114200,103.048825
2015-06-02,107.629997,107.779999,107.370003,107.589996,126700,103.791638
2015-06-01,108.339996,108.339996,107.839996,107.910004,78800,104.100348
2015-05-29,108.209999,108.57,108.129997,108.279999,138000,104.457281
2015-05-28,108.559998,108.660004,108.410004,108.559998,46000,104.437987
2015-05-27,108.419998,108.629997,108.25,108.629997,96100,104.505329
2015-05-26,108.18,108.639999,108.089996,108.610001,134300,104.486091
2015-05-22,107.800003,107.889999,107.650002,107.75,157900,103.658745
2015-05-21,107.699997,107.989998,107.599998,107.93,90500,103.83191
2015-05-20,107.32,107.620003,107.279999,107.459999,116500,103.379755
2015-05-19,107.370003,107.599998,107.239998,107.279999,121600,103.206589
2015-05-18,107.489998,107.809998,107.279999,107.379997,131200,103.302791
2015-05-15,107.580002,107.93,107.50,107.839996,148000,103.745324
2015-05-14,107.220001,107.470001,107.050003,107.32,215100,103.245071
2015-05-13,107.800003,107.800003,107.139999,107.360001,125100,103.283553
2015-05-12,107.529999,107.760002,107.300003,107.599998,86400,103.514439
2015-05-11,107.959999,108.019997,107.50,107.510002,204900,103.427859
2015-05-08,108.209999,108.370003,107.970001,108.089996,72900,103.985831
2015-05-07,107.68,108.089996,107.68,108.019997,140400,103.91849
2015-05-06,107.790001,107.989998,107.50,107.550003,299900,103.466342
2015-05-05,108.370003,108.370003,107.790001,108.099998,343200,103.995454
2015-05-04,108.68,108.790001,108.400002,108.50,257600,104.380267
2015-05-01,108.620003,108.839996,108.410004,108.57,343900,104.447609
2015-04-30,108.809998,109.120003,108.68,108.919998,369700,104.784318
2015-04-29,109.050003,109.309998,108.900002,109.220001,178100,105.07293
2015-04-28,109.82,109.860001,109.43,109.510002,177100,105.35192
2015-04-27,110.099998,110.099998,109.720001,109.970001,172200,105.794453
2015-04-24,109.949997,110.160004,109.800003,109.989998,59400,105.81369
2015-04-23,109.970001,110.089996,109.709999,109.860001,200700,105.688629
2015-04-22,110.230003,110.230003,109.629997,109.709999,390200,105.544323
2015-04-21,110.43,110.529999,110.209999,110.279999,113500,106.09268
2015-04-20,110.449997,110.550003,110.199997,110.410004,756700,106.217748
2015-04-17,110.330002,110.599998,110.129997,110.449997,666300,106.256223
2015-04-16,110.470001,110.470001,110.099998,110.349998,377700,106.160021
2015-04-15,110.360001,110.599998,110.269997,110.349998,121500,106.160021
2015-04-14,110.370003,110.470001,110.230003,110.269997,350900,106.083057
2015-04-13,110.370003,110.400002,110.099998,110.400002,76400,106.208126
2015-04-10,110.230003,110.480003,110.059998,110.150002,254500,105.967618
2015-04-09,110.18,110.32,109.870003,109.970001,238500,105.794453
2015-04-08,110.260002,110.300003,109.949997,110.019997,170900,105.84255
2015-04-07,110.150002,110.43,110.019997,110.379997,181400,106.188881
2015-04-06,110.139999,110.309998,109.910004,110.050003,192400,105.871417
2015-04-02,110.589996,110.589996,109.93,109.949997,197200,105.775208
2015-04-01,110.029999,110.620003,109.959999,110.470001,296100,106.275468
2015-03-31,109.82,110.230003,109.82,110.129997,404400,105.948374
2015-03-30,109.980003,110.160004,109.760002,110.050003,143900,105.698246
2015-03-27,109.82,110.239998,109.82,110.099998,89100,105.746265
2015-03-26,109.800003,109.93,109.50,109.57,240200,105.237224
2015-03-25,110.480003,110.480003,110.089996,110.199997,109200,105.842309
2015-03-24,110.169998,110.32,110.00,110.260002,134500,105.899941
2015-03-23,110.199997,110.50,110.00,110.099998,224000,105.746265
2015-03-20,110.43,110.68,110.120003,110.190002,121300,105.83271
2015-03-19,109.940002,110.239998,109.830002,110.089996,224300,105.736658
2015-03-18,109.629997,110.00,109.349998,109.989998,256900,105.640614
2015-03-17,109.330002,109.489998,109.160004,109.440002,150300,105.112367
2015-03-16,109.360001,109.360001,109.110001,109.290001,92800,104.968297
2015-03-13,109.25,109.50,109.110001,109.309998,79000,104.987503
2015-03-12,109.580002,109.620003,109.129997,109.199997,171500,104.881852
2015-03-11,109.239998,109.470001,109.040001,109.449997,144300,105.121966
2015-03-10,108.989998,109.199997,108.830002,109.190002,216400,104.872253
2015-03-09,108.510002,108.900002,108.510002,108.860001,302500,104.555301
2015-03-06,109.059998,109.150002,108.50,108.510002,133100,104.219142
2015-03-05,109.279999,109.349998,109.110001,109.339996,93900,105.016316
2015-03-04,109.190002,109.300003,109.099998,109.18,128900,104.862646
2015-03-03,109.18,109.339996,109.010002,109.059998,108800,104.747389
2015-03-02,109.690002,109.690002,109.190002,109.190002,139400,104.872253
2015-02-27,109.50,109.75,109.339996,109.529999,292800,105.198805
2015-02-26,109.75,109.870003,109.470001,109.57,183400,105.083552
2015-02-25,109.720001,109.879997,109.57,109.82,207200,105.323316
2015-02-24,109.220001,109.739998,109.120003,109.650002,189200,105.160278
2015-02-23,108.919998,109.220001,108.830002,109.160004,180800,104.690344
2015-02-20,108.919998,109.389999,108.790001,108.800003,157800,104.345084
2015-02-19,109.110001,109.150002,108.82,108.970001,115100,104.508121
2015-02-18,108.860001,109.18,108.660004,109.160004,119300,104.690344
2015-02-17,109.110001,109.300003,108.830002,108.839996,406500,104.38344
2015-02-13,109.169998,109.290001,109.050003,109.139999,802300,104.671159
2015-02-12,109.389999,109.43,109.199997,109.239998,141300,104.767063
2015-02-11,109.269997,109.400002,109.029999,109.300003,151300,104.824611
2015-02-10,109.330002,109.480003,109.18,109.199997,137400,104.7287
2015-02-09,109.459999,109.690002,109.269997,109.470001,108500,104.987648
2015-02-06,109.57,109.57,109.129997,109.150002,314900,104.680751
2015-02-05,110.00,110.00,109.720001,109.809998,219200,105.313723
2015-02-04,109.779999,110.029999,109.510002,110.00,186400,105.495946
2015-02-03,110.260002,110.309998,109.760002,109.860001,315000,105.361679
2015-02-02,110.169998,110.489998,110.129997,110.459999,143000,105.93711
2015-01-30,110.339996,110.620003,110.220001,110.620003,448300,106.090562
2015-01-29,110.169998,110.339996,109.949997,110.050003,119000,105.380865
2015-01-28,109.779999,110.400002,109.779999,110.150002,206900,105.476621
2015-01-27,110.00,110.00,109.68,109.889999,174500,105.22765
2015-01-26,109.769997,109.910004,109.610001,109.720001,308900,105.064865
2015-01-23,109.489998,109.839996,109.489998,109.68,120500,105.026561
2015-01-22,109.510002,109.529999,109.120003,109.330002,93900,104.691412
2015-01-21,109.379997,109.690002,109.339996,109.449997,272200,104.806316
2015-01-20,109.510002,109.699997,109.400002,109.620003,111000,104.969109
2015-01-16,109.50,109.599998,109.260002,109.269997,283400,104.633953
2015-01-15,109.129997,109.629997,109.040001,109.519997,146600,104.873346
2015-01-14,109.050003,109.199997,108.900002,108.989998,152100,104.365833
2015-01-13,108.660004,108.870003,108.599998,108.779999,151100,104.164744
2015-01-12,108.620003,108.849998,108.57,108.790001,91000,104.174322
2015-01-09,108.279999,108.68,108.25,108.550003,218700,103.944506
2015-01-08,108.279999,108.419998,108.160004,108.389999,130200,103.791291
2015-01-07,108.410004,108.580002,108.199997,108.480003,211800,103.877477
2015-01-06,108.230003,108.660004,108.139999,108.400002,215000,103.800869
2015-01-05,107.949997,108.18,107.790001,108.150002,104100,103.561476
2015-01-02,107.43,107.839996,107.400002,107.839996,277100,103.264623
2014-12-31,107.139999,107.360001,107.099998,107.209999,203700,102.661355
2014-12-30,107.209999,107.339996,107.129997,107.190002,200700,102.642207
2014-12-29,107.209999,107.230003,106.889999,107.059998,127000,102.517718
2014-12-26,108.57,108.669998,108.489998,108.559998,62600,102.326203
2014-12-24,108.410004,108.690002,108.349998,108.690002,75600,102.448742
2014-12-23,108.760002,108.940002,108.510002,108.510002,146300,102.279078
2014-12-22,108.75,108.989998,108.75,108.980003,112600,102.722091
2014-12-19,108.540001,108.82,108.529999,108.790001,114000,102.542999
2014-12-18,108.559998,108.660004,108.480003,108.480003,90700,102.250802
2014-12-17,109.029999,109.050003,108.760002,108.760002,191500,102.514722
2014-12-16,109.120003,109.120003,108.800003,108.959999,77200,102.703235
2014-12-15,109.089996,109.120003,108.910004,108.93,166900,102.674959
2014-12-12,108.940002,109.209999,108.889999,109.150002,143500,102.882327
2014-12-11,109.00,109.00,108.650002,108.650002,423500,102.411038
2014-12-10,108.739998,109.07,108.660004,109.059998,209700,102.797491
2014-12-09,108.809998,108.93,108.690002,108.730003,149100,102.486446
2014-12-08,108.620003,108.720001,108.510002,108.720001,126500,102.477018
2014-12-05,108.739998,108.790001,108.510002,108.620003,171500,102.382762
2014-12-04,108.68,108.870003,108.650002,108.800003,217600,102.552426
2014-12-03,108.660004,108.739998,108.620003,108.699997,64000,102.458163
2014-12-02,108.860001,108.900002,108.639999,108.769997,346700,102.524143
2014-12-01,109.18,109.480003,108.870003,108.980003,257900,102.722091
2014-11-28,108.860001,109.07,108.730003,108.93,107600,102.674959
2014-11-26,109.910004,109.949997,109.830002,109.879997,102300,102.51472
2014-11-25,109.599998,109.82,109.599998,109.809998,138100,102.449412
2014-11-24,109.550003,109.57,109.459999,109.510002,141300,102.169526
2014-11-21,109.349998,109.50,109.279999,109.50,167100,102.160194
2014-11-20,109.449997,109.449997,109.129997,109.190002,214400,101.870976
2014-11-19,109.029999,109.269997,109.010002,109.160004,304300,101.842988
2014-11-18,109.18,109.279999,109.059998,109.220001,56600,101.898964
2014-11-17,109.290001,109.400002,109.07,109.139999,169300,101.824324
2014-11-14,109.07,109.239998,108.980003,109.190002,181900,101.870976
2014-11-13,109.010002,109.150002,108.970001,109.040001,114600,101.731029
2014-11-12,109.089996,109.150002,108.910004,108.959999,164100,101.656389
2014-11-11,108.989998,109.059998,108.82,108.889999,101300,101.591082
2014-11-10,109.300003,109.300003,108.940002,108.989998,79600,101.684377
2014-11-07,108.989998,109.309998,108.940002,109.300003,176500,101.973603
2014-11-06,108.889999,108.989998,108.739998,108.800003,211500,101.507118
2014-11-05,108.949997,109.029999,108.870003,108.959999,124400,101.656389
2014-11-04,109.00,109.080002,108.860001,108.93,257800,101.628402
2014-11-03,108.93,108.940002,108.739998,108.93,259300,101.628402
2014-10-31,108.940002,109.120003,108.839996,108.860001,509200,101.563094
2014-10-30,109.199997,109.410004,109.099998,109.269997,450600,101.57242
2014-10-29,109.370003,109.410004,108.940002,109.040001,480200,101.358626
2014-10-28,109.459999,109.489998,109.330002,109.360001,276000,101.656083
2014-10-27,109.449997,109.540001,109.410004,109.540001,289400,101.823403
2014-10-24,109.32,109.449997,109.309998,109.410004,323500,101.702564
2014-10-23,109.220001,109.379997,109.169998,109.309998,290800,101.609603
2014-10-22,109.360001,109.410004,109.300003,109.349998,425800,101.646786
2014-10-21,109.489998,109.489998,109.279999,109.32,846300,101.6189
2014-10-20,109.57,109.620003,109.419998,109.50,305200,101.78622
2014-10-17,109.540001,109.620003,109.440002,109.510002,459100,101.795518
2014-10-16,109.690002,109.879997,109.510002,109.68,579900,101.95354
2014-10-15,110.349998,110.50,109.690002,109.690002,423000,101.962838
2014-10-14,109.68,109.800003,109.589996,109.669998,1053100,101.944243
2014-10-13,109.43,109.800003,109.300003,109.610001,330000,101.888472
2014-10-10,109.300003,109.440002,109.300003,109.43,378800,101.721152
2014-10-09,109.279999,109.389999,109.160004,109.279999,678100,101.581717
2014-10-08,109.25,109.400002,109.00,109.339996,1108100,101.637488
2014-10-07,109.089996,109.339996,108.949997,109.290001,631900,101.591015
2014-10-06,108.830002,109.080002,108.82,109.040001,795200,101.358626
2014-10-03,108.639999,108.720001,108.470001,108.540001,1124300,100.893849
2014-10-02,108.940002,109.040001,108.760002,108.889999,1383800,101.219191
2014-10-01,108.459999,108.949997,108.440002,108.949997,1337200,101.274962
2014-09-30,108.330002,108.580002,108.330002,108.580002,1898200,100.931032
2014-09-29,108.75,108.839996,108.730003,108.730003,1838400,100.814837
2014-09-26,108.699997,108.870003,108.529999,108.57,5042400,100.666481
2014-09-25,108.760002,109.00,108.760002,108.919998,363300,100.991001
2014-09-24,108.989998,109.019997,108.739998,108.779999,376000,100.861193
2014-09-23,109.00,109.07,108.809998,109.07,239000,101.130083
2014-09-22,108.860001,109.00,108.790001,108.980003,165600,101.046638
2014-09-19,108.650002,108.790001,108.529999,108.790001,88400,100.870467
2014-09-18,108.510002,108.57,108.389999,108.480003,163100,100.583036
2014-09-17,108.660004,108.709999,108.480003,108.519997,277700,100.620118
2014-09-16,108.660004,108.660004,108.449997,108.599998,182200,100.694296
2014-09-15,108.790001,108.809998,108.510002,108.589996,157500,100.685022
2014-09-12,108.629997,108.839996,108.459999,108.50,123600,100.601577
2014-09-11,108.879997,108.93,108.739998,108.809998,87800,100.889008
2014-09-10,108.980003,108.980003,108.660004,108.660004,189300,100.749933
2014-09-09,109.059998,109.110001,108.940002,109.019997,179000,101.08372
2014-09-08,109.339996,109.339996,109.029999,109.029999,185300,101.092994
2014-09-05,109.330002,109.339996,109.080002,109.139999,167500,101.194987
2014-09-04,109.199997,109.300003,109.089996,109.099998,400100,101.157898
2014-09-03,109.150002,109.32,109.150002,109.199997,141400,101.250617
2014-09-02,109.330002,109.349998,109.199997,109.239998,108400,101.287706
2014-08-29,109.419998,109.57,109.330002,109.519997,220800,101.547322
2014-08-28,109.690002,109.809998,109.580002,109.809998,134500,101.538048
2014-08-27,109.639999,109.699997,109.510002,109.669998,270700,101.408594
2014-08-26,109.519997,109.519997,109.389999,109.480003,177200,101.232912
2014-08-25,109.349998,109.470001,109.279999,109.389999,273800,101.149688
2014-08-22,109.32,109.389999,109.139999,109.239998,116400,101.010986
2014-08-21,109.169998,109.360001,109.169998,109.25,211600,101.020234
2014-08-20,109.349998,109.389999,109.150002,109.209999,154300,100.983247
2014-08-19,109.489998,109.489998,109.220001,109.260002,418500,101.029483
2014-08-18,109.379997,109.400002,109.290001,109.309998,118200,101.075712
2014-08-15,109.370003,109.699997,109.309998,109.440002,370900,101.195924
2014-08-14,109.190002,109.309998,109.099998,109.309998,230500,101.075712
2014-08-13,109.00,109.139999,108.900002,109.139999,298700,100.91852
2014-08-12,108.940002,109.07,108.849998,108.910004,141700,100.70585
2014-08-11,109.00,109.050003,108.870003,108.879997,247100,100.678104
2014-08-08,108.940002,109.050003,108.82,108.900002,286500,100.696601
2014-08-07,108.849998,109.040001,108.709999,109.040001,176500,100.826055
2014-08-06,108.849998,108.93,108.760002,108.800003,378600,100.604136
2014-08-05,108.739998,108.879997,108.650002,108.75,225100,100.557899
2014-08-04,108.93,109.010002,108.75,108.75,191800,100.557899
2014-08-01,108.650002,109.019997,108.510002,109.019997,486900,100.807557
2014-07-31,108.57,108.709999,108.389999,108.650002,283400,100.465434
2014-07-30,109.059998,109.129997,108.870003,108.870003,212600,100.409958
2014-07-29,109.230003,109.300003,109.139999,109.199997,309200,100.714309
2014-07-28,109.18,109.290001,109.150002,109.279999,170400,100.788094
2014-07-25,109.129997,109.279999,109.07,109.160004,146200,100.677423
2014-07-24,109.080002,109.110001,109.00,109.00,69400,100.529853
2014-07-23,109.190002,109.239998,109.160004,109.199997,159800,100.714309
2014-07-22,109.120003,109.199997,109.040001,109.129997,130600,100.649749
2014-07-21,109.00,109.160004,108.940002,109.029999,170500,100.557521
2014-07-18,109.059998,109.07,108.860001,108.940002,130200,100.474518
2014-07-17,109.029999,109.199997,108.910004,109.199997,138900,100.714309
2014-07-16,108.809998,108.940002,108.75,108.870003,95600,100.409958
2014-07-15,108.839996,108.959999,108.75,108.830002,94600,100.373065
2014-07-14,108.839996,108.879997,108.739998,108.82,110900,100.36384
2014-07-11,108.769997,108.940002,108.760002,108.839996,180500,100.382283
2014-07-10,109.080002,109.080002,108.860001,108.860001,300700,100.400733
2014-07-09,108.709999,108.900002,108.580002,108.849998,142500,100.391508
2014-07-08,108.739998,108.849998,108.699997,108.82,123700,100.36384
2014-07-07,108.529999,108.690002,108.529999,108.690002,101400,100.243945
2014-07-03,108.389999,108.599998,108.379997,108.559998,145900,100.124043
2014-07-02,108.650002,108.690002,108.50,108.559998,332600,100.124043
2014-07-01,108.900002,108.980003,108.760002,108.839996,200100,100.382283
2014-06-30,109.019997,109.07,108.93,109.00,246800,100.529853
2014-06-27,109.00,109.080002,108.970001,109.050003,188700,100.529854
2014-06-26,108.900002,108.989998,108.809998,108.989998,201800,100.474537
2014-06-25,108.830002,108.949997,108.800003,108.870003,158200,100.363917
2014-06-24,108.720001,108.860001,108.620003,108.809998,169300,100.3086
2014-06-23,108.660004,108.669998,108.449997,108.470001,170300,99.995168
2014-06-20,108.68,108.849998,108.529999,108.849998,148600,100.345476
2014-06-19,108.669998,108.889999,108.489998,108.639999,150700,100.151884
2014-06-18,108.50,108.68,108.459999,108.650002,170400,100.161105
2014-06-17,108.559998,108.559998,108.43,108.480003,157100,100.004389
2014-06-16,108.620003,108.660004,108.510002,108.650002,130600,100.161105
2014-06-13,108.470001,108.730003,108.389999,108.690002,255500,100.197981
2014-06-12,108.639999,108.800003,108.50,108.769997,130100,100.271725
2014-06-11,108.580002,108.629997,108.440002,108.510002,158000,100.032044
2014-06-10,108.550003,108.57,108.400002,108.510002,127200,100.032044
2014-06-09,108.50,108.589996,108.400002,108.489998,170500,100.013602
2014-06-06,108.470001,108.690002,108.349998,108.510002,163200,100.032044
2014-06-05,108.190002,108.540001,108.190002,108.480003,171800,100.004389
2014-06-04,108.290001,108.32,108.160004,108.160004,188900,99.709391
2014-06-03,108.470001,108.589996,108.290001,108.32,214500,99.856886
2014-06-02,108.760002,108.760002,108.529999,108.610001,281500,100.124229
2014-05-30,108.779999,108.870003,108.620003,108.870003,260800,100.363917
2014-05-29,109.00,109.00,108.720001,108.720001,167100,100.179542
2014-05-28,108.660004,108.870003,108.660004,108.82,139800,100.271685
2014-05-27,108.489998,108.580002,108.339996,108.50,178000,99.976823
2014-05-23,108.389999,108.489998,108.330002,108.440002,401000,99.921538
2014-05-22,108.160004,108.290001,108.120003,108.18,344600,99.68196
2014-05-21,108.199997,108.239998,108.050003,108.190002,110700,99.691177
2014-05-20,108.220001,108.330002,108.110001,108.239998,157000,99.737245
2014-05-19,108.43,108.489998,108.239998,108.25,181600,99.746461
2014-05-16,108.32,108.449997,108.25,108.360001,181500,99.847821
2014-05-15,108.400002,108.580002,108.370003,108.510002,236200,99.986039
2014-05-14,108.169998,108.370003,108.139999,108.349998,312700,99.838604
2014-05-13,107.93,108.169998,107.889999,108.139999,298600,99.645102
2014-05-12,107.989998,108.07,107.82,107.879997,297700,99.405524
2014-05-09,108.040001,108.040001,107.860001,108.019997,231200,99.534526
2014-05-08,107.839996,108.07,107.800003,108.040001,485000,99.552959
2014-05-07,107.660004,107.889999,107.639999,107.739998,273200,99.276522
2014-05-06,107.760002,107.760002,107.620003,107.720001,121900,99.258096
2014-05-05,107.800003,107.839996,107.620003,107.75,318400,99.285739
2014-05-02,107.43,107.720001,107.360001,107.699997,113800,99.239664
2014-05-01,107.349998,107.68,107.32,107.68,259200,99.221238
2014-04-30,107.300003,107.43,107.230003,107.309998,308900,98.8803
2014-04-29,107.190002,107.330002,107.160004,107.330002,165100,98.852659
2014-04-28,107.220001,107.339996,107.099998,107.25,211300,98.778976
2014-04-25,107.330002,107.459999,107.300003,107.339996,103300,98.861864
2014-04-24,107.199997,107.279999,107.120003,107.260002,158300,98.788189
2014-04-23,107.239998,107.32,107.18,107.230003,149900,98.760559
2014-04-22,107.139999,107.160004,107.029999,107.080002,147100,98.622405
2014-04-21,107.139999,107.239998,107.050003,107.190002,166700,98.723718
2014-04-17,107.260002,107.300003,106.889999,106.889999,184500,98.44741
2014-04-16,107.269997,107.339996,107.150002,107.260002,209800,98.788189
2014-04-15,107.279999,107.410004,107.139999,107.379997,248200,98.898706
2014-04-14,107.239998,107.309998,107.120003,107.160004,182700,98.696088
2014-04-11,107.230003,107.410004,107.129997,107.410004,122800,98.926342
2014-04-10,106.989998,107.269997,106.93,107.099998,280400,98.640823
2014-04-09,106.849998,107.089996,106.75,107.00,244700,98.548722
2014-04-08,106.910004,107.019997,106.860001,106.970001,234400,98.521093
2014-04-07,106.900002,107.029999,106.870003,106.970001,585100,98.521093
2014-04-04,106.709999,106.919998,106.709999,106.790001,272100,98.35531
2014-04-03,106.480003,106.639999,106.419998,106.550003,242900,98.134268
2014-04-02,106.43,106.519997,106.370003,106.519997,366600,98.106632
2014-04-01,106.580002,106.690002,106.540001,106.639999,340200,98.217156
2014-03-31,106.620003,106.690002,106.440002,106.660004,284200,98.23558
2014-03-28,106.68,106.75,106.529999,106.610001,178600,98.143476
2014-03-27,106.529999,106.849998,106.529999,106.68,180600,98.207917
2014-03-26,106.559998,106.769997,106.489998,106.75,292600,98.272357
2014-03-25,106.459999,106.620003,106.449997,106.550003,318400,98.088243
2014-03-24,106.360001,106.57,106.360001,106.519997,301900,98.06062
2014-03-21,106.32,106.550003,106.32,106.360001,326600,97.91333
2014-03-20,106.209999,106.470001,106.209999,106.32,374300,97.876506
2014-03-19,106.800003,107.040001,106.300003,106.379997,226500,97.931739
2014-03-18,106.800003,106.970001,106.779999,106.870003,320900,98.38283
2014-03-17,106.900002,107.00,106.849998,106.889999,156000,98.401238
2014-03-14,107.029999,107.120003,106.839996,106.959999,219400,98.465679
2014-03-13,106.699997,107.050003,106.57,107.050003,183800,98.548535
2014-03-12,106.620003,106.809998,106.589996,106.75,233400,98.272357
2014-03-11,106.50,106.599998,106.43,106.550003,140400,98.088243
2014-03-10,106.739998,106.739998,106.519997,106.650002,339700,98.1803
2014-03-07,106.400002,106.580002,106.349998,106.379997,443600,97.931739
2014-03-06,106.449997,106.559998,106.370003,106.519997,228200,98.06062
2014-03-05,106.489998,106.690002,106.440002,106.510002,203600,98.051419
2014-03-04,106.529999,106.580002,106.370003,106.370003,188400,97.922538
2014-03-03,106.669998,106.839996,106.629997,106.809998,219600,98.32759
2014-02-28,106.650002,106.720001,106.50,106.50,277100,98.042211
2014-02-27,106.769997,106.910004,106.660004,106.900002,209900,98.364417
2014-02-26,106.540001,106.790001,106.540001,106.730003,282300,98.207992
2014-02-25,106.510002,106.730003,106.480003,106.589996,236900,98.079164
2014-02-24,106.540001,106.540001,106.300003,106.339996,639100,97.849126
2014-02-21,106.25,106.540001,106.25,106.459999,219100,97.959547
2014-02-20,106.300003,106.419998,106.239998,106.279999,171700,97.793919
2014-02-19,106.699997,106.709999,106.400002,106.410004,273900,97.913544
2014-02-18,106.50,106.68,106.400002,106.610001,284400,98.097571
2014-02-14,106.459999,106.50,106.290001,106.470001,215300,97.96875
2014-02-13,106.440002,106.620003,106.360001,106.550003,119900,98.042364
2014-02-12,106.43,106.489998,106.199997,106.260002,267300,97.775519
2014-02-11,106.599998,106.599998,106.389999,106.459999,305500,97.959547
2014-02-10,106.620003,106.82,106.50,106.809998,210400,98.281599
2014-02-07,106.300003,106.620003,106.279999,106.400002,205100,97.90434
2014-02-06,106.239998,106.379997,106.120003,106.379997,231000,97.885933
2014-02-05,106.440002,106.489998,106.260002,106.269997,199800,97.784716
2014-02-04,106.300003,106.459999,106.239998,106.440002,231300,97.941147
2014-02-03,106.269997,106.669998,106.169998,106.669998,404400,98.152778
2014-01-31,106.349998,106.410004,106.150002,106.279999,647200,97.793919
2014-01-30,106.269997,106.349998,106.160004,106.279999,744900,97.701906
2014-01-29,106.18,106.449997,106.110001,106.300003,280400,97.720296
2014-01-28,105.870003,106.080002,105.870003,106.040001,452600,97.481279
2014-01-27,106.00,106.169998,105.82,105.849998,251000,97.306612
2014-01-24,105.949997,106.190002,105.93,105.980003,451100,97.426124
2014-01-23,105.809998,106.07,105.769997,105.989998,346400,97.435312
2014-01-22,105.639999,105.830002,105.599998,105.599998,481200,97.07679
2014-01-21,105.650002,105.970001,105.650002,105.889999,421300,97.343385
2014-01-17,105.720001,105.989998,105.68,105.989998,577800,97.435312
2014-01-16,105.739998,105.839996,105.57,105.690002,356100,97.15953
2014-01-15,105.309998,105.599998,105.279999,105.290001,415300,96.791813
2014-01-14,105.660004,105.739998,105.419998,105.540001,285300,97.021635
2014-01-13,105.650002,105.919998,105.519997,105.900002,421700,97.35258
2014-01-10,105.339996,105.730003,105.339996,105.709999,347800,97.177913
2014-01-09,104.959999,105.050003,104.790001,104.889999,254300,96.424097
2014-01-08,104.900002,105.040001,104.760002,104.800003,370600,96.341364
2014-01-07,105.00,105.07,104.919998,105.010002,297300,96.534414
2014-01-06,104.839996,104.970001,104.830002,104.910004,332000,96.442487
2014-01-03,104.669998,104.940002,104.669998,104.839996,289800,96.37813
2014-01-02,104.709999,104.900002,104.709999,104.839996,387800,96.37813
2013-12-31,104.580002,104.769997,104.529999,104.739998,454200,96.286202
2013-12-30,104.629997,104.760002,104.589996,104.760002,508600,96.304592
2013-12-27,104.370003,104.610001,104.370003,104.440002,397400,96.01042
2013-12-26,104.529999,104.599998,104.480003,104.510002,528600,95.946067
2013-12-24,104.620003,104.699997,104.540001,104.580002,182000,96.01033
2013-12-23,104.849998,105.019997,104.809998,104.839996,402700,96.24902
2013-12-20,104.93,105.040001,104.75,104.919998,393300,96.322466
2013-12-19,104.769997,104.940002,104.669998,104.790001,284700,96.203121
2013-12-18,105.089996,105.449997,105.089996,105.150002,360800,96.533622
2013-12-17,104.93,105.300003,104.93,105.260002,227000,96.634609
2013-12-16,105.230003,105.410004,105.07,105.089996,617600,96.478534
2013-12-13,105.019997,105.080002,104.93,104.970001,386000,96.368372
2013-12-12,105.160004,105.160004,104.93,104.940002,428300,96.340831
2013-12-11,105.529999,105.529999,105.160004,105.160004,305100,96.542805
2013-12-10,105.970001,105.980003,105.730003,105.849998,427800,96.775073
2013-12-09,105.57,105.699997,105.510002,105.629997,393400,96.573933
2013-12-06,105.339996,105.57,105.339996,105.540001,378400,96.491652
2013-12-05,105.419998,105.550003,105.269997,105.330002,743400,96.299657
2013-12-04,105.760002,105.760002,105.440002,105.519997,721500,96.473363
2013-12-03,105.900002,106.080002,105.82,105.839996,390800,96.765928
2013-12-02,105.940002,106.00,105.769997,105.800003,323800,96.729363
2013-11-29,106.099998,106.209999,105.940002,106.059998,226600,96.967068
2013-11-27,106.459999,106.480003,106.099998,106.279999,404600,96.994495
2013-11-26,106.349998,106.529999,106.349998,106.360001,404300,97.067507
2013-11-25,106.300003,106.43,106.25,106.330002,522800,97.040129
2013-11-22,106.239998,106.379997,106.199997,106.25,365500,96.967117
2013-11-21,106.00,106.239998,105.849998,106.220001,371400,96.939739
2013-11-20,106.57,106.650002,106.129997,106.209999,484900,96.930611
2013-11-19,106.699997,106.739998,106.440002,106.470001,293300,97.167897
2013-11-18,106.489998,106.690002,106.410004,106.669998,254600,97.350421
2013-11-15,106.330002,106.440002,106.330002,106.389999,187000,97.094885
2013-11-14,106.190002,106.379997,106.080002,106.309998,168900,97.021873
2013-11-13,105.809998,105.989998,105.779999,105.910004,310900,96.656826
2013-11-12,105.779999,105.800003,105.57,105.660004,328500,96.428668
2013-11-11,105.669998,105.889999,105.599998,105.690002,173600,96.456046
2013-11-08,106.099998,106.110001,105.790001,105.910004,561600,96.656826
2013-11-07,106.43,106.540001,106.339996,106.519997,337600,97.213525
2013-11-06,106.139999,106.389999,106.110001,106.269997,181800,96.985367
2013-11-05,106.220001,106.300003,106.010002,106.029999,270800,96.766337
2013-11-04,106.300003,106.419998,106.290001,106.330002,138400,97.040129
2013-11-01,106.449997,106.599998,106.25,106.269997,528200,96.985367
2013-10-31,106.910004,106.940002,106.480003,106.68,457900,97.359549
2013-10-30,107.07,107.209999,106.849998,106.940002,132600,97.414312
2013-10-29,106.93,107.029999,106.860001,106.970001,288500,97.441639
2013-10-28,107.120003,107.150002,107.010002,107.019997,179200,97.487181
2013-10-25,106.949997,107.150002,106.879997,107.07,126900,97.53273
2013-10-24,107.150002,107.169998,106.889999,106.980003,323500,97.45075
2013-10-23,107.00,107.169998,106.970001,106.970001,851200,97.441639
2013-10-22,106.75,107.00,106.75,106.93,237300,97.405201
2013-10-21,106.57,106.57,106.400002,106.459999,197200,96.977065
2013-10-18,106.50,106.629997,106.43,106.599998,225900,97.104594
2013-10-17,106.260002,106.580002,106.260002,106.580002,414600,97.086379
2013-10-16,105.599998,106.059998,105.57,106.010002,384900,96.567152
2013-10-15,105.830002,105.849998,105.599998,105.610001,479300,96.20278
2013-10-14,105.790001,106.00,105.68,105.75,210600,96.330309
2013-10-11,105.970001,106.080002,105.830002,105.889999,890000,96.457838
2013-10-10,105.730003,105.910004,105.669998,105.910004,313500,96.476061
2013-10-09,105.879997,106.040001,105.790001,105.870003,330100,96.439623
2013-10-08,105.830002,106.089996,105.809998,105.910004,403700,96.476061
2013-10-07,106.050003,106.199997,105.949997,106.040001,142200,96.594478
2013-10-04,106.089996,106.129997,105.900002,106.00,197900,96.558041
2013-10-03,106.080002,106.269997,105.949997,106.010002,383900,96.567152
2013-10-02,105.910004,106.18,105.889999,106.059998,218200,96.612694
2013-10-01,105.849998,105.989998,105.739998,105.860001,162300,96.430512
2013-09-30,105.760002,106.00,105.739998,105.870003,391100,96.439623
2013-09-27,106.040001,106.190002,106.019997,106.160004,431400,96.476061
2013-09-26,105.980003,106.230003,105.980003,106.139999,179200,96.457881
2013-09-25,106.00,106.290001,105.879997,106.209999,555400,96.521495
2013-09-24,105.879997,106.089996,105.790001,105.970001,347600,96.30339
2013-09-23,105.50,105.790001,105.470001,105.68,274500,96.039843
2013-09-20,105.379997,105.589996,105.300003,105.389999,308700,95.776296
2013-09-19,105.910004,105.910004,105.389999,105.589996,460100,95.958049
2013-09-18,104.550003,105.900002,104.370003,105.669998,607000,96.030753
2013-09-17,104.650002,104.75,104.50,104.620003,232200,95.076539
2013-09-16,104.860001,104.970001,104.449997,104.540001,876600,95.003835
2013-09-13,104.050003,104.309998,104.050003,104.190002,268200,94.685763
2013-09-12,104.120003,104.260002,103.900002,103.919998,305400,94.440389
2013-09-11,103.790001,104.050003,103.730003,103.970001,525000,94.485831
2013-09-10,103.599998,103.879997,103.50,103.699997,307300,94.240456
2013-09-09,103.93,104.00,103.709999,103.720001,419300,94.258636
2013-09-06,103.620003,103.800003,103.580002,103.580002,517700,94.131407
2013-09-05,103.529999,103.589996,103.139999,103.150002,429500,93.740632
2013-09-04,104.040001,104.209999,103.769997,103.839996,278000,94.367685
2013-09-03,104.089996,104.269997,103.889999,104.099998,445500,94.60397
2013-08-30,104.550003,104.610001,104.339996,104.360001,337800,94.840254
2013-08-29,104.610001,104.940002,104.510002,104.910004,259100,95.06745
2013-08-28,105.00,105.029999,104.660004,104.900002,380000,95.058386
2013-08-27,104.82,105.120003,104.82,105.010002,603900,95.158066
2013-08-26,104.529999,104.730003,104.529999,104.68,262700,94.859025
2013-08-23,103.910004,104.419998,103.889999,104.349998,439800,94.559984
2013-08-22,104.00,104.059998,103.68,103.989998,581500,94.233758
2013-08-21,104.43,104.550003,104.050003,104.089996,499400,94.324375
2013-08-20,104.040001,104.480003,104.040001,104.43,302600,94.63248
2013-08-19,104.480003,104.559998,104.040001,104.110001,553900,94.342502
2013-08-16,104.900002,104.93,104.389999,104.489998,427200,94.686848
2013-08-15,104.870003,104.959999,104.50,104.760002,691200,94.931521
2013-08-14,105.120003,105.279999,105.050003,105.099998,161800,95.239619
2013-08-13,105.360001,105.360001,105.099998,105.139999,304500,95.275867
2013-08-12,105.889999,105.93,105.669998,105.669998,217400,95.756142
2013-08-09,105.519997,105.849998,105.519997,105.730003,194900,95.810518
2013-08-08,105.730003,105.82,105.550003,105.760002,505600,95.837702
2013-08-07,105.25,105.699997,105.209999,105.529999,148200,95.629277
2013-08-06,105.57,105.879997,105.290001,105.339996,393200,95.457101
2013-08-05,105.25,105.529999,105.230003,105.529999,264900,95.629277
2013-08-02,105.010002,105.489998,104.870003,105.389999,709800,95.502413
2013-08-01,105.199997,105.309998,104.660004,104.699997,419300,94.877146
2013-07-31,104.830002,105.50,104.739998,105.379997,743000,95.493349
2013-07-30,105.629997,105.739998,105.410004,105.470001,404700,95.34383
2013-07-29,105.50,105.650002,105.50,105.540001,306800,95.407109
2013-07-26,105.870003,105.870003,105.57,105.669998,147300,95.524625
2013-07-25,105.309998,105.529999,105.230003,105.519997,321900,95.389025
2013-07-24,105.529999,105.760002,105.360001,105.529999,428200,95.398067
2013-07-23,106.050003,106.099998,105.900002,105.949997,257700,95.777741
2013-07-22,106.010002,106.239998,106.010002,106.239998,173700,96.039899
2013-07-19,105.830002,106.099998,105.830002,106.019997,316300,95.84102
2013-07-18,106.050003,106.080002,105.739998,105.75,321200,95.596946
2013-07-17,105.82,106.099998,105.779999,106.040001,454200,95.859104
2013-07-16,105.480003,105.580002,105.419998,105.459999,208100,95.334788
2013-07-15,105.209999,105.540001,105.160004,105.540001,460800,95.407109
2013-07-12,105.50,105.529999,105.029999,105.099998,380700,95.009351
2013-07-11,105.050003,105.18,104.900002,105.139999,388800,95.045511
2013-07-10,104.699997,104.879997,104.510002,104.559998,485200,94.521195
2013-07-09,104.739998,105.019997,104.730003,104.860001,366800,94.792395
2013-07-08,104.540001,104.730003,104.309998,104.57,918500,94.530237
2013-07-05,104.379997,104.849998,104.199997,104.220001,1045100,94.213842
2013-07-03,105.68,105.779999,105.440002,105.540001,212700,95.407109
2013-07-02,105.730003,105.839996,105.599998,105.660004,444500,95.51559
2013-07-01,105.75,105.75,105.300003,105.68,358200,95.533667
2013-06-28,105.550003,105.599998,105.169998,105.480003,675700,95.352871
2013-06-27,105.489998,105.75,105.389999,105.699997,651400,95.352871
2013-06-26,105.209999,105.419998,105.099998,105.309998,444700,95.001049
2013-06-25,104.800003,105.300003,104.720001,104.790001,551100,94.531956
2013-06-24,104.400002,105.07,104.099998,105.010002,1745000,94.730421
2013-06-21,105.779999,105.989998,105.209999,105.410004,832300,95.091266
2013-06-20,105.470001,106.050003,105.379997,105.379997,1592600,95.064197
2013-06-19,107.389999,107.50,106.370003,106.370003,780700,95.957289
2013-06-18,107.339996,107.489998,107.18,107.32,578200,96.814289
2013-06-17,107.690002,107.849998,107.349998,107.410004,437500,96.895483
2013-06-14,107.870003,107.900002,107.519997,107.559998,512700,97.030793
2013-06-13,107.010002,107.610001,107.010002,107.580002,822000,97.048839
2013-06-12,107.190002,107.540001,107.150002,107.169998,336900,96.678972
2013-06-11,106.919998,107.410004,106.900002,107.379997,756500,96.868414
2013-06-10,107.410004,107.419998,107.110001,107.120003,1367600,96.63387
2013-06-07,108.00,108.00,107.580002,107.599998,614100,97.066879
2013-06-06,108.07,108.400002,107.910004,108.230003,405300,97.635211
2013-06-05,108.019997,108.169998,108.010002,108.129997,743300,97.544995
2013-06-04,107.980003,108.089996,107.839996,108.00,746100,97.427723
2013-06-03,107.82,108.18,107.809998,108.00,1111700,97.427723
2013-05-31,108.349998,108.480003,107.830002,108.18,1892000,97.590103
2013-05-30,108.68,108.739998,108.589996,108.739998,585000,97.892304
2013-05-29,108.470001,108.589996,108.360001,108.540001,1193500,97.712258
2013-05-28,109.290001,109.300003,108.470001,108.470001,1244100,97.649241
2013-05-24,109.629997,109.629997,109.440002,109.510002,435400,98.585494
2013-05-23,109.449997,109.489998,109.230003,109.360001,731600,98.450456
2013-05-22,110.040001,110.110001,109.389999,109.410004,1314600,98.495471
2013-05-21,109.650002,109.940002,109.580002,109.900002,465400,98.936587
2013-05-20,109.82,109.910004,109.610001,109.68,616400,98.738533
2013-05-17,109.989998,110.059998,109.75,109.849998,526500,98.891573
2013-05-16,109.82,110.080002,109.800003,109.989998,790500,99.017606
2013-05-15,109.769997,109.849998,109.57,109.709999,721000,98.765539
2013-05-14,110.099998,110.139999,109.639999,109.669998,1149700,98.729529
2013-05-13,110.07,110.169998,109.980003,109.989998,784100,99.017606
2013-05-10,110.43,110.50,110.120003,110.279999,1019100,99.278677
2013-05-09,110.699997,110.779999,110.580002,110.610001,455500,99.575758
2013-05-08,110.639999,110.730003,110.589996,110.68,556500,99.638775
2013-05-07,110.449997,110.510002,110.379997,110.459999,372700,99.440721
2013-05-06,110.650002,110.650002,110.370003,110.410004,794800,99.395713
2013-05-03,110.830002,110.839996,110.550003,110.620003,838800,99.584763
2013-05-02,110.940002,111.00,110.879997,110.980003,516000,99.90885
2013-05-01,110.839996,111.040001,110.839996,110.940002,469000,99.87284
2013-04-30,110.900002,110.919998,110.769997,110.809998,625300,99.755804
2013-04-29,111.099998,111.099998,110.989998,111.010002,396000,99.746804
2013-04-26,110.989998,110.989998,110.879997,110.970001,531700,99.710861
2013-04-25,110.800003,110.839996,110.760002,110.800003,373100,99.558111
2013-04-24,110.669998,110.709999,110.610001,110.699997,307800,99.468252
2013-04-23,110.769997,110.769997,110.589996,110.639999,612700,99.414342
2013-04-22,110.599998,110.669998,110.57,110.639999,378200,99.414342
2013-04-19,110.43,110.559998,110.43,110.540001,502800,99.324489
2013-04-18,110.620003,110.629997,110.510002,110.510002,910100,99.297534
2013-04-17,110.529999,110.57,110.449997,110.519997,674700,99.306515
2013-04-16,110.470001,110.519997,110.400002,110.480003,354400,99.270579
2013-04-15,110.589996,110.599998,110.489998,110.599998,704100,99.3784
2013-04-12,110.480003,110.559998,110.370003,110.510002,605100,99.297534
2013-04-11,110.279999,110.309998,110.239998,110.290001,411200,99.099855
2013-04-10,110.290001,110.290001,110.18,110.209999,848600,99.02797
2013-04-09,110.389999,110.470001,110.349998,110.379997,562400,99.18072
2013-04-08,110.510002,110.519997,110.300003,110.349998,934800,99.153765
2013-04-05,110.489998,110.510002,110.349998,110.459999,624300,99.252605
2013-04-04,110.00,110.190002,109.989998,110.190002,734300,99.010002
2013-04-03,109.849998,109.989998,109.800003,109.980003,463300,98.82131
2013-04-02,109.769997,109.790001,109.699997,109.709999,321500,98.578701
2013-04-01,109.769997,109.879997,109.699997,109.870003,358200,98.72247
2013-03-28,109.760002,109.800003,109.68,109.779999,1026500,98.641598
2013-03-27,109.900002,109.949997,109.849998,109.93,768800,98.614649
2013-03-26,109.760002,109.839996,109.639999,109.82,815500,98.515971
2013-03-25,109.790001,109.889999,109.739998,109.75,680500,98.453176
2013-03-22,109.809998,109.839996,109.599998,109.769997,364400,98.471115
2013-03-21,109.790001,109.849998,109.690002,109.739998,276900,98.444204
2013-03-20,109.720001,109.769997,109.650002,109.660004,226200,98.372444
2013-03-19,109.849998,109.900002,109.730003,109.839996,481900,98.533909
2013-03-18,109.739998,109.790001,109.610001,109.739998,442500,98.444204
2013-03-15,109.440002,109.57,109.360001,109.540001,337900,98.264793
2013-03-14,109.379997,109.489998,109.300003,109.470001,268700,98.201998
2013-03-13,109.449997,109.459999,109.349998,109.459999,226000,98.193026
2013-03-12,109.360001,109.459999,109.279999,109.419998,288100,98.157142
2013-03-11,109.139999,109.25,109.139999,109.220001,289100,97.977732
2013-03-08,109.099998,109.169998,109.07,109.150002,593900,97.914937
2013-03-07,109.43,109.43,109.269997,109.309998,404300,98.058464
2013-03-06,109.580002,109.580002,109.449997,109.529999,400900,98.25582
2013-03-05,109.650002,109.650002,109.540001,109.610001,482800,98.327587
2013-03-04,109.730003,109.75,109.660004,109.669998,403000,98.381409
2013-03-01,109.589996,109.660004,109.519997,109.660004,560000,98.372444
2013-02-28,109.449997,109.540001,109.43,109.510002,323500,98.237882
2013-02-27,109.720001,109.839996,109.550003,109.550003,550300,98.117673
2013-02-26,109.739998,109.839996,109.610001,109.779999,430700,98.323667
2013-02-25,109.43,109.830002,109.389999,109.82,616400,98.359494
2013-02-22,109.389999,109.449997,109.360001,109.440002,460200,98.019152
2013-02-21,109.330002,109.400002,109.309998,109.349998,510800,97.938541
2013-02-20,109.199997,109.360001,109.199997,109.339996,492200,97.929582
2013-02-19,109.360001,109.389999,109.160004,109.160004,501900,97.768373
2013-02-15,109.290001,109.300003,109.080002,109.279999,359200,97.875846
2013-02-14,109.269997,109.290001,109.120003,109.260002,451100,97.857936
2013-02-13,109.199997,109.25,109.089996,109.169998,533600,97.777325
2013-02-12,109.25,109.300003,109.209999,109.300003,303700,97.893763
2013-02-11,109.330002,109.330002,109.169998,109.25,486800,97.848978
2013-02-08,109.370003,109.370003,109.150002,109.279999,337600,97.875846
2013-02-07,109.339996,109.379997,109.25,109.309998,502700,97.902714
2013-02-06,109.330002,109.330002,109.199997,109.300003,401900,97.893763
2013-02-05,109.099998,109.169998,109.019997,109.169998,550800,97.777325
2013-02-04,109.00,109.300003,109.00,109.269997,713600,97.866888
2013-02-01,109.290001,109.349998,108.970001,109.00,593400,97.625067
2013-01-31,108.900002,109.040001,108.870003,109.040001,581000,97.660894
2013-01-30,109.059998,109.099998,108.970001,109.040001,811600,97.505054
2013-01-29,109.18,109.220001,109.00,109.050003,1019200,97.513998
2013-01-28,109.110001,109.190002,108.889999,109.040001,1095100,97.505054
2013-01-25,109.400002,109.419998,109.120003,109.239998,632100,97.683894
2013-01-24,109.650002,109.660004,109.470001,109.629997,400900,98.032636
2013-01-23,109.629997,109.699997,109.599998,109.690002,210200,98.086294
2013-01-22,109.480003,109.559998,109.400002,109.540001,458200,97.95216
2013-01-18,109.360001,109.540001,109.349998,109.480003,319200,97.89851
2013-01-17,109.32,109.379997,109.169998,109.269997,335700,97.710719
2013-01-16,109.540001,109.540001,109.440002,109.519997,814000,97.934272
2013-01-15,109.50,109.559998,109.440002,109.470001,417100,97.889566
2013-01-14,109.330002,109.480003,109.330002,109.43,467000,97.853796
2013-01-11,109.059998,109.25,109.010002,109.25,355700,97.692838
2013-01-10,109.07,109.089996,108.980003,109.059998,468100,97.522935
2013-01-09,109.00,109.139999,108.970001,109.110001,349600,97.567648
2013-01-08,108.959999,108.970001,108.870003,108.940002,560800,97.415634
2013-01-07,108.629997,108.82,108.629997,108.809998,518800,97.299381
2013-01-04,108.50,108.589996,108.32,108.510002,892200,97.031121
2013-01-03,108.800003,108.800003,108.419998,108.43,770800,96.959583
2013-01-02,108.839996,108.949997,108.730003,108.800003,823300,97.290444
2012-12-31,109.120003,109.169998,108.940002,109.050003,503400,97.513998
2012-12-28,109.059998,109.230003,109.029999,109.150002,603000,97.603418
2012-12-27,109.00,109.150002,108.949997,109.089996,357900,97.54976
2012-12-26,109.110001,109.190002,109.07,109.150002,169300,97.442456
2012-12-24,109.099998,109.099998,109.029999,109.050003,142500,97.353184
2012-12-21,109.120003,109.169998,109.059998,109.139999,590000,97.433527
2012-12-20,108.849998,108.949997,108.800003,108.93,272400,97.246053
2012-12-19,108.760002,108.849998,108.699997,108.769997,535300,97.103211
2012-12-18,108.889999,108.970001,108.50,108.580002,976700,96.933596
2012-12-17,109.129997,109.209999,108.910004,108.919998,1011600,97.237124
2012-12-14,108.970001,109.169998,108.970001,109.160004,1204800,97.451386
2012-12-13,109.169998,109.169998,108.910004,108.919998,767900,97.237124
2012-12-12,109.410004,109.440002,109.129997,109.199997,726800,97.487089
2012-12-11,110.260002,110.290001,110.199997,110.290001,226700,97.672782
2012-12-10,110.290001,110.339996,110.239998,110.330002,264000,97.708207
2012-12-07,110.330002,110.339996,110.209999,110.279999,432100,97.663924
2012-12-06,110.339996,110.400002,110.300003,110.300003,864500,97.68164
2012-12-05,110.260002,110.32,110.230003,110.269997,307300,97.655066
2012-12-04,110.150002,110.209999,110.110001,110.199997,306300,97.593075
2012-12-03,110.07,110.120003,110.00,110.080002,610700,97.486807
2012-11-30,110.239998,110.239998,110.059998,110.129997,459600,97.531083
2012-11-29,110.089996,110.309998,110.089996,110.239998,578200,97.451383
2012-11-28,110.199997,110.25,110.080002,110.129997,712700,97.354143
2012-11-27,110.010002,110.059998,109.959999,110.040001,393700,97.274587
2012-11-26,109.889999,109.980003,109.879997,109.959999,292700,97.203866
2012-11-23,109.900002,109.900002,109.75,109.75,192700,97.018228
2012-11-21,109.790001,109.860001,109.769997,109.809998,469600,97.071266
2012-11-20,109.870003,110.029999,109.849998,109.860001,505800,97.115468
2012-11-19,110.029999,110.040001,109.93,110.040001,346200,97.274587
2012-11-16,109.980003,110.099998,109.959999,110.040001,312900,97.274587
2012-11-15,110.050003,110.050003,109.959999,109.980003,484200,97.22155
2012-11-14,109.900002,110.059998,109.870003,110.050003,561500,97.283429
2012-11-13,110.029999,110.099998,109.889999,109.959999,537000,97.203866
2012-11-12,109.949997,110.019997,109.900002,109.989998,339300,97.230385
2012-11-09,109.93,110.029999,109.82,109.949997,667200,97.195024
2012-11-08,109.669998,109.879997,109.599998,109.82,593400,97.080108
2012-11-07,109.510002,109.650002,109.470001,109.550003,353500,96.841433
2012-11-06,109.389999,109.410004,109.18,109.18,541400,96.514353
2012-11-05,109.480003,109.50,109.370003,109.410004,556700,96.717674
2012-11-02,109.370003,109.440002,109.300003,109.440002,613100,96.744193
2012-11-01,109.400002,109.43,109.25,109.379997,935700,96.691149
2012-10-31,109.25,109.440002,109.220001,109.440002,580600,96.744193
2012-10-26,109.160004,109.379997,109.110001,109.279999,307800,96.602751
2012-10-25,109.160004,109.160004,108.980003,109.059998,410800,96.408271
2012-10-24,109.370003,109.400002,109.300003,109.309998,420600,96.629269
2012-10-23,109.309998,109.410004,109.25,109.389999,246300,96.69999
2012-10-22,109.260002,109.279999,109.209999,109.239998,227800,96.56739
2012-10-19,109.190002,109.309998,109.099998,109.279999,360100,96.602751
2012-10-18,109.07,109.160004,109.00,109.050003,279600,96.399436
2012-10-17,109.169998,109.18,108.919998,108.970001,411900,96.328715
2012-10-16,109.260002,109.290001,109.139999,109.160004,580800,96.496676
2012-10-15,109.32,109.339996,109.220001,109.309998,426100,96.629269
2012-10-12,109.230003,109.370003,109.209999,109.32,597200,96.638111
2012-10-11,109.07,109.129997,109.00,109.129997,542300,96.47015
2012-10-10,108.989998,109.150002,108.949997,109.129997,600300,96.47015
2012-10-09,109.080002,109.169998,109.07,109.089996,375700,96.43479
2012-10-08,108.940002,109.089996,108.82,109.029999,326600,96.381752
2012-10-05,108.989998,108.989998,108.889999,108.959999,587800,96.319873
2012-10-04,109.099998,109.18,109.080002,109.110001,612100,96.452473
2012-10-03,109.080002,109.150002,109.00,109.120003,415100,96.461315
2012-10-02,109.07,109.07,108.910004,109.050003,645200,96.399436
2012-10-01,108.830002,108.93,108.760002,108.879997,647700,96.249152
2012-09-28,108.870003,108.879997,108.699997,108.769997,824600,96.151912
2012-09-27,109.019997,109.050003,108.940002,109.010002,597900,96.191697
2012-09-26,109.029999,109.099998,108.940002,109.050003,515400,96.226994
2012-09-25,108.980003,108.980003,108.800003,108.93,658900,96.121102
2012-09-24,108.790001,108.900002,108.769997,108.870003,639700,96.06816
2012-09-21,108.489998,108.68,108.419998,108.639999,742400,95.865202
2012-09-20,108.419998,108.50,108.339996,108.410004,452500,95.662251
2012-09-19,108.25,108.43,108.239998,108.349998,421800,95.609302
2012-09-18,107.970001,108.169998,107.940002,108.139999,392000,95.423996
2012-09-17,107.959999,108.00,107.830002,107.830002,710800,95.150451
2012-09-14,108.129997,108.169998,107.690002,107.739998,1295100,95.07103
2012-09-13,107.709999,108.089996,107.599998,108.029999,623300,95.32693
2012-09-12,107.699997,107.699997,107.519997,107.589996,450000,94.938667
2012-09-11,107.730003,107.739998,107.660004,107.690002,390200,95.026914
2012-09-10,107.669998,107.800003,107.669998,107.75,405100,95.079856
2012-09-07,107.629997,107.730003,107.480003,107.589996,396100,94.938667
2012-09-06,107.470001,107.480003,107.389999,107.419998,392000,94.788659
2012-09-05,107.589996,107.720001,107.559998,107.589996,279200,94.938667
2012-09-04,107.599998,107.690002,107.510002,107.550003,306000,94.903377
2012-08-31,107.410004,107.720001,107.360001,107.68,457900,95.018088
2012-08-30,107.629997,107.68,107.599998,107.629997,374500,94.797481
2012-08-29,107.699997,107.790001,107.449997,107.550003,252300,94.727024
2012-08-28,107.559998,107.68,107.470001,107.629997,285600,94.797481
2012-08-27,107.480003,107.57,107.400002,107.559998,218100,94.735827
2012-08-24,107.470001,107.529999,107.349998,107.360001,287700,94.559675
2012-08-23,107.300003,107.379997,107.260002,107.349998,322000,94.550866
2012-08-22,106.980003,107.18,106.900002,107.169998,357900,94.392327
2012-08-21,106.690002,106.739998,106.599998,106.739998,456000,94.013594
2012-08-20,106.589996,106.720001,106.519997,106.699997,288400,93.978363
2012-08-17,106.510002,106.610001,106.470001,106.529999,170500,93.828633
2012-08-16,106.599998,106.720001,106.309998,106.419998,778400,93.731748
2012-08-15,106.980003,107.029999,106.669998,106.68,449600,93.96075
2012-08-14,107.050003,107.059998,106.849998,106.949997,381600,94.198556
2012-08-13,107.059998,107.220001,107.059998,107.150002,433900,94.374714
2012-08-10,106.989998,107.150002,106.93,107.110001,249400,94.339482
2012-08-09,106.870003,106.870003,106.720001,106.830002,356900,94.092867
2012-08-08,106.809998,107.040001,106.779999,106.889999,401100,94.145712
2012-08-07,107.010002,107.059998,106.720001,106.790001,1031200,94.057636
2012-08-06,107.25,107.260002,107.080002,107.139999,319600,94.365905
2012-08-03,107.25,107.300003,107.00,107.099998,665900,94.330673
2012-08-02,107.300003,107.410004,107.25,107.379997,377900,94.577288
2012-08-01,107.010002,107.279999,107.010002,107.129997,700900,94.357095
2012-07-31,107.300003,107.300003,107.150002,107.290001,455500,94.498022
2012-07-30,107.050003,107.330002,107.00,107.309998,477400,94.357092
2012-07-27,107.199997,107.239998,106.900002,107.010002,650600,94.093308
2012-07-26,107.449997,107.480003,107.389999,107.449997,475000,94.480193
2012-07-25,107.50,107.57,107.400002,107.529999,532600,94.550538
2012-07-24,107.489998,107.599998,107.459999,107.57,440600,94.585711
2012-07-23,107.610001,107.610001,107.50,107.550003,597400,94.568128
2012-07-20,107.260002,107.419998,107.209999,107.400002,461300,94.436232
2012-07-19,106.989998,107.099998,106.940002,107.050003,831800,94.12848
2012-07-18,107.029999,107.040001,106.889999,106.970001,630900,94.058135
2012-07-17,106.93,106.989998,106.849998,106.910004,434300,94.00538
2012-07-16,106.940002,106.989998,106.849998,106.940002,545600,94.031758
2012-07-13,106.779999,106.779999,106.669998,106.730003,509100,93.847107
2012-07-12,106.559998,106.650002,106.559998,106.629997,653000,93.759172
2012-07-11,106.50,106.580002,106.480003,106.480003,616200,93.627283
2012-07-10,106.400002,106.50,106.379997,106.459999,380100,93.609693
2012-07-09,106.529999,106.529999,106.309998,106.440002,550800,93.59211
2012-07-06,106.260002,106.300003,106.099998,106.279999,549000,93.45142
2012-07-05,105.900002,106.089996,105.900002,106.040001,392800,93.240391
2012-07-03,105.959999,105.959999,105.800003,105.839996,197700,93.064528
2012-07-02,105.639999,105.940002,105.580002,105.760002,560900,92.99419
2012-06-29,105.459999,105.620003,105.330002,105.489998,776400,92.756776
2012-06-28,105.949997,106.010002,105.900002,105.970001,404600,92.99419
2012-06-27,105.75,105.790001,105.639999,105.790001,394500,92.83623
2012-06-26,105.709999,105.800003,105.650002,105.709999,459200,92.766025
2012-06-25,105.870003,105.900002,105.800003,105.879997,785000,92.915207
2012-06-22,105.669998,105.730003,105.610001,105.699997,1598700,92.757247
2012-06-21,105.57,105.82,105.529999,105.739998,418800,92.79235
2012-06-20,105.550003,105.580002,105.349998,105.470001,394200,92.555414
2012-06-19,105.529999,105.650002,105.449997,105.610001,351900,92.678271
2012-06-18,105.599998,105.599998,105.410004,105.550003,266700,92.62562
2012-06-15,105.339996,105.550003,105.300003,105.459999,399400,92.546637
2012-06-14,105.279999,105.300003,105.050003,105.190002,363400,92.3097
2012-06-13,105.309998,105.400002,105.160004,105.32,314200,92.42378
2012-06-12,105.389999,105.389999,105.099998,105.18,553200,92.300923
2012-06-11,105.150002,105.440002,105.129997,105.440002,723700,92.529088
2012-06-08,105.349998,105.349998,105.099998,105.139999,420900,92.26582
2012-06-07,104.919998,105.110001,104.870003,105.080002,587100,92.213169
2012-06-06,105.120003,105.129997,104.849998,104.93,354000,92.081535
2012-06-05,105.040001,105.279999,105.010002,105.129997,431200,92.257043
2012-06-04,105.419998,105.419998,105.209999,105.279999,445200,92.388677
2012-06-01,105.269997,105.489998,105.209999,105.459999,427700,92.546637
2012-05-31,104.949997,105.099998,104.800003,104.980003,430400,92.125415
2012-05-30,104.660004,104.879997,104.660004,104.839996,410900,91.827044
2012-05-29,104.779999,104.779999,104.599998,104.620003,445100,91.634356
2012-05-25,104.650002,104.720001,104.580002,104.709999,378100,91.713182
2012-05-24,104.800003,104.800003,104.519997,104.589996,1104100,91.608074
2012-05-23,104.550003,104.760002,104.50,104.660004,528000,91.669392
2012-05-22,104.720001,104.720001,104.449997,104.489998,430600,91.520488
2012-05-21,104.839996,104.839996,104.650002,104.779999,871900,91.774493
2012-05-18,104.760002,104.82,104.550003,104.720001,579700,91.721943
2012-05-17,104.519997,104.690002,104.419998,104.629997,585100,91.64311
2012-05-16,104.349998,104.50,104.260002,104.470001,646000,91.502973
2012-05-15,104.360001,104.410004,104.279999,104.379997,602400,91.424141
2012-05-14,104.169998,104.309998,104.160004,104.290001,357000,91.345315
2012-05-11,104.040001,104.110001,103.980003,104.080002,388400,91.161381
2012-05-10,103.919998,104.010002,103.870003,103.980003,305200,91.073795
2012-05-09,104.089996,104.150002,103.910004,103.940002,306000,91.038759
2012-05-08,104.010002,104.080002,103.940002,104.029999,384300,91.117585
2012-05-07,103.959999,103.980003,103.809998,103.940002,270000,91.038759
2012-05-04,103.669998,103.769997,103.650002,103.760002,339800,90.881101
2012-05-03,103.519997,103.620003,103.449997,103.589996,191000,90.732196
2012-05-02,103.489998,103.519997,103.43,103.489998,232000,90.64461
2012-05-01,103.540001,103.57,103.300003,103.43,232900,90.592059
2012-04-30,103.400002,103.459999,103.230003,103.360001,360100,90.530748
2012-04-27,103.470001,103.57,103.470001,103.540001,401000,90.530744
2012-04-26,103.449997,103.480003,103.370003,103.480003,341200,90.478285
2012-04-25,103.110001,103.230003,102.900002,103.18,207700,90.215976
2012-04-24,103.199997,103.220001,103.080002,103.120003,500200,90.163516
2012-04-23,103.190002,103.209999,103.139999,103.18,212300,90.215976
2012-04-20,103.00,103.029999,102.93,103.019997,144800,90.076076
2012-04-19,102.959999,103.080002,102.940002,102.989998,221000,90.049846
2012-04-18,102.919998,102.940002,102.889999,102.940002,246200,90.006132
2012-04-17,102.93,102.959999,102.82,102.949997,183000,90.014871
2012-04-16,102.769997,102.989998,102.769997,102.870003,388100,89.944928
2012-04-13,102.639999,102.769997,102.629997,102.75,96800,89.840003
2012-04-12,102.629997,102.629997,102.459999,102.459999,208800,89.586439
2012-04-11,102.470001,102.599998,102.370003,102.559998,200800,89.673873
2012-04-10,102.57,102.769997,102.510002,102.690002,291400,89.787543
2012-04-09,102.099998,102.349998,102.099998,102.260002,224100,89.41157
2012-04-05,101.75,101.800003,101.669998,101.75,207400,88.965647
2012-04-04,101.400002,101.699997,101.400002,101.639999,174200,88.869468
2012-04-03,101.889999,101.970001,101.379997,101.419998,249200,88.677109
2012-04-02,101.75,101.900002,101.699997,101.699997,186900,88.921927
2012-03-30,101.900002,101.900002,101.559998,101.620003,241400,88.851984
2012-03-29,101.870003,101.870003,101.690002,101.760002,186300,88.869474
2012-03-28,101.690002,101.699997,101.580002,101.599998,193800,88.729739
2012-03-27,101.559998,101.589996,101.360001,101.580002,117900,88.712275
2012-03-26,101.300003,101.360001,101.150002,101.330002,74700,88.493944
2012-03-23,101.239998,101.32,101.209999,101.269997,36500,88.44154
2012-03-22,100.980003,101.029999,100.919998,100.93,101000,88.144613
2012-03-21,100.879997,100.889999,100.800003,100.889999,212800,88.10968
2012-03-20,100.830002,100.849998,100.669998,100.779999,116500,88.013613
2012-03-19,100.989998,101.07,100.760002,100.849998,137200,88.074746
2012-03-16,100.510002,100.839996,100.400002,100.809998,211400,88.039812
2012-03-15,100.550003,100.599998,100.400002,100.480003,200800,87.75162
2012-03-14,101.029999,101.029999,100.480003,100.550003,183900,87.812753
2012-03-13,101.370003,101.379997,101.129997,101.220001,152000,88.397878
2012-03-12,101.389999,101.389999,101.300003,101.360001,119300,88.520143
2012-03-09,101.389999,101.410004,101.230003,101.300003,243700,88.467746
2012-03-08,101.089996,101.529999,101.059998,101.529999,323000,88.668607
2012-03-07,100.900002,100.980003,100.889999,100.889999,182600,88.10968
2012-03-06,100.75,100.839996,100.510002,100.75,176500,87.987415
2012-03-05,100.529999,100.529999,100.279999,100.300003,237800,87.594421
2012-03-02,100.440002,100.449997,100.18,100.309998,331600,87.60315
2012-03-01,100.099998,100.099998,99.93,99.959999,550900,87.297488
